{"TaxRate":0.07,"Prices":[9.99,10.76,11.98,24.6],"TaxedPrices":{"10.76":11.513200000000001,"11.98":12.818600000000002,"24.60":26.322000000000003,"9.99":10.689300000000001}}
